Fecha,Producto,Categoría,Región,Precio,Unidades Vendidas
2023-01-01,Producto A,Ropa,Oeste,95.56,55
2023-01-01,Producto B,Ropa,Sur,24.04,52
2023-01-01,Producto C,Hogar,Norte,97.29,58
2023-01-01,Producto D,Juguetes,Oeste,26.51,46
2023-01-02,Producto A,Juguetes,Norte,36.21,52
2023-01-02,Producto B,Juguetes,Oeste,42.97,49
2023-01-02,Producto C,Ropa,Oeste,56.28,52
2023-01-02,Producto D,Ropa,Este,25.35,46
2023-01-03,Producto A,Juguetes,Oeste,49.61,40
2023-01-03,Producto B,Ropa,Este,91.84,45
2023-01-03,Producto C,Hogar,Sur,56.81,51
2023-01-03,Producto D,Ropa,Sur,79.76,64
2023-01-04,Producto A,Hogar,Este,92.97,38
2023-01-04,Producto B,Electrónica,Sur,39.28,48
2023-01-04,Producto C,Electrónica,Oeste,42.11,45
2023-01-04,Producto D,Electrónica,Norte,82.2,56
2023-01-05,Producto A,Juguetes,Este,83.39,54
2023-01-05,Producto B,Electrónica,Este,16.66,47
2023-01-05,Producto C,Ropa,Norte,66.1,46
2023-01-05,Producto D,Ropa,Sur,39.27,55
2023-01-06,Producto A,Ropa,Este,52.5,40
2023-01-06,Producto B,Electrónica,Norte,60.51,56
2023-01-06,Producto C,Electrónica,Este,48.48,46
2023-01-06,Producto D,Hogar,Norte,32.44,48
2023-01-07,Producto A,Juguetes,Norte,16.93,45
2023-01-07,Producto B,Hogar,Sur,82.73,53
2023-01-07,Producto C,Juguetes,Oeste,26.79,60
2023-01-07,Producto D,Hogar,Este,90.65,46
2023-01-08,Producto A,Electrónica,Este,48.44,48
2023-01-08,Producto B,Ropa,Sur,40.39,65
2023-01-08,Producto C,Juguetes,Oeste,73.27,69
2023-01-08,Producto D,Hogar,Este,37.08,45
2023-01-09,Producto A,Electrónica,Sur,55.24,34
2023-01-09,Producto B,Electrónica,Norte,31.56,41
2023-01-09,Producto C,Juguetes,Sur,31.78,54
2023-01-09,Producto D,Ropa,Norte,75.54,47
2023-01-10,Producto A,Hogar,Sur,58.22,39
2023-01-10,Producto B,Juguetes,Este,26.79,54
2023-01-10,Producto C,Ropa,Este,30.38,53
2023-01-10,Producto D,Electrónica,Oeste,44.81,64
2023-01-11,Producto A,Juguetes,Norte,20.21,45
2023-01-11,Producto B,Hogar,Oeste,59.97,51
2023-01-11,Producto C,Juguetes,Sur,90.75,61
2023-01-11,Producto D,Electrónica,Norte,41.43,60
2023-01-12,Producto A,Juguetes,Oeste,17.57,52
2023-01-12,Producto B,Hogar,Norte,69.72,51
2023-01-12,Producto C,Juguetes,Norte,30.18,55
2023-01-12,Producto D,Electrónica,Oeste,77.18,53
2023-01-13,Producto A,Electrónica,Oeste,61.15,39
2023-01-13,Producto B,Ropa,Sur,31.96,60
2023-01-13,Producto C,Hogar,Norte,55.24,52
2023-01-13,Producto D,Electrónica,Oeste,75.02,45
2023-01-14,Producto A,Electrónica,Oeste,25.94,62
2023-01-14,Producto B,Electrónica,Norte,93.55,48
2023-01-14,Producto C,Ropa,Oeste,86.77,45
2023-01-14,Producto D,Ropa,Norte,38.52,42
2023-01-15,Producto A,Ropa,Sur,72.64,51
2023-01-15,Producto B,Juguetes,Este,99.1,41
2023-01-15,Producto C,Hogar,Sur,76.67,54
2023-01-15,Producto D,Juguetes,Este,36.42,57
2023-01-16,Producto A,Electrónica,Oeste,92.19,50
2023-01-16,Producto B,Electrónica,Oeste,68.5,54
2023-01-16,Producto C,Juguetes,Este,40.42,47
2023-01-16,Producto D,Ropa,Este,13.23,49
2023-01-17,Producto A,Electrónica,Sur,63.17,29
2023-01-17,Producto B,Hogar,Este,42.42,41
2023-01-17,Producto C,Electrónica,Oeste,29.42,53
2023-01-17,Producto D,Electrónica,Oeste,57.82,51
2023-01-18,Producto A,Juguetes,Oeste,97.83,50
2023-01-18,Producto B,Electrónica,Oeste,34.37,49
2023-01-18,Producto C,Electrónica,Sur,96.64,58
2023-01-18,Producto D,Electrónica,Norte,25.6,42
2023-01-19,Producto A,Hogar,Sur,74.31,53
2023-01-19,Producto B,Juguetes,Norte,76.41,51
2023-01-19,Producto C,Ropa,Este,32.3,47
2023-01-19,Producto D,Electrónica,Norte,20.45,33
2023-01-20,Producto A,Hogar,Sur,73.33,49
2023-01-20,Producto B,Juguetes,Norte,52.61,42
2023-01-20,Producto C,Ropa,Sur,65.43,53
2023-01-20,Producto D,Ropa,Sur,66.33,50
2023-01-21,Producto A,Electrónica,Norte,24.66,37
2023-01-21,Producto B,Electrónica,Oeste,62.72,64
2023-01-21,Producto C,Hogar,Este,67.9,49
2023-01-21,Producto D,Electrónica,Oeste,44.75,43
2023-01-22,Producto A,Ropa,Sur,11.64,39
2023-01-22,Producto B,Electrónica,Sur,38.71,58
2023-01-22,Producto C,Hogar,Este,35.37,40
2023-01-22,Producto D,Electrónica,Este,88.97,55
2023-01-23,Producto A,Electrónica,Oeste,25.97,55
2023-01-23,Producto B,Electrónica,Este,47.14,47
2023-01-23,Producto C,Juguetes,Este,93.77,59
2023-01-23,Producto D,Electrónica,Este,77.91,50
2023-01-24,Producto A,Hogar,Norte,90.6,48
2023-01-24,Producto B,Electrónica,Este,18.22,66
2023-01-24,Producto C,Ropa,Oeste,50.36,45
2023-01-24,Producto D,Ropa,Norte,77.71,39
2023-01-25,Producto A,Ropa,Sur,59.46,49
2023-01-25,Producto B,Ropa,Este,20.54,41
2023-01-25,Producto C,Juguetes,Norte,19.1,38
2023-01-25,Producto D,Hogar,Norte,83.97,54
2023-01-26,Producto A,Electrónica,Sur,98.8,47
2023-01-26,Producto B,Juguetes,Norte,95.25,47
2023-01-26,Producto C,Electrónica,Oeste,60.26,48
2023-01-26,Producto D,Ropa,Sur,54.34,35
2023-01-27,Producto A,Electrónica,Este,68.43,55
2023-01-27,Producto B,Hogar,Norte,43.74,45
2023-01-27,Producto C,Hogar,Norte,96.69,37
2023-01-27,Producto D,Juguetes,Norte,57.08,53
2023-01-28,Producto A,Ropa,Norte,66.48,52
2023-01-28,Producto B,Electrónica,Este,35.29,49
2023-01-28,Producto C,Juguetes,Sur,26.93,49
2023-01-28,Producto D,Hogar,Oeste,17.0,54
2023-01-29,Producto A,Electrónica,Norte,83.24,54
2023-01-29,Producto B,Hogar,Este,84.03,52
2023-01-29,Producto C,Juguetes,Sur,87.95,33
2023-01-29,Producto D,Electrónica,Sur,82.95,52
2023-01-30,Producto A,Hogar,Este,85.79,58
2023-01-30,Producto B,Ropa,Este,34.61,58
2023-01-30,Producto C,Hogar,Norte,21.62,67
2023-01-30,Producto D,Hogar,Norte,70.45,52
2023-01-31,Producto A,Juguetes,Este,70.44,50
2023-01-31,Producto B,Ropa,Sur,86.7,51
2023-01-31,Producto C,Hogar,Este,46.31,41
2023-01-31,Producto D,Ropa,Norte,65.83,54
2023-02-01,Producto A,Hogar,Oeste,11.31,47
2023-02-01,Producto B,Hogar,Este,49.37,61
2023-02-01,Producto C,Hogar,Norte,80.53,48
2023-02-01,Producto D,Ropa,Norte,95.46,50
2023-02-02,Producto A,Juguetes,Norte,98.2,50
2023-02-02,Producto B,Ropa,Este,31.61,37
2023-02-02,Producto C,Ropa,Oeste,23.67,41
2023-02-02,Producto D,Juguetes,Oeste,41.11,61
2023-02-03,Producto A,Electrónica,Oeste,25.51,43
2023-02-03,Producto B,Electrónica,Sur,35.07,42
2023-02-03,Producto C,Electrónica,Norte,51.47,43
2023-02-03,Producto D,Hogar,Sur,72.14,53
2023-02-04,Producto A,Hogar,Este,92.88,36
2023-02-04,Producto B,Electrónica,Oeste,77.34,43
2023-02-04,Producto C,Ropa,Oeste,53.61,52
2023-02-04,Producto D,Juguetes,Sur,77.27,31
2023-02-05,Producto A,Ropa,Este,90.57,50
2023-02-05,Producto B,Electrónica,Sur,50.27,51
2023-02-05,Producto C,Electrónica,Este,43.96,43
2023-02-05,Producto D,Juguetes,Norte,90.15,52
2023-02-06,Producto A,Ropa,Norte,54.86,38
2023-02-06,Producto B,Hogar,Este,77.09,49
2023-02-06,Producto C,Electrónica,Norte,42.68,53
2023-02-06,Producto D,Juguetes,Este,98.79,52
2023-02-07,Producto A,Hogar,Norte,23.76,44
2023-02-07,Producto B,Ropa,Sur,35.66,38
2023-02-07,Producto C,Juguetes,Norte,98.41,40
2023-02-07,Producto D,Juguetes,Este,87.9,57
2023-02-08,Producto A,Juguetes,Sur,70.18,63
2023-02-08,Producto B,Juguetes,Sur,35.2,56
2023-02-08,Producto C,Hogar,Oeste,48.29,50
2023-02-08,Producto D,Ropa,Norte,64.96,45
2023-02-09,Producto A,Ropa,Este,53.3,51
2023-02-09,Producto B,Hogar,Oeste,22.1,46
2023-02-09,Producto C,Electrónica,Este,71.34,56
2023-02-09,Producto D,Juguetes,Sur,47.07,47
2023-02-10,Producto A,Hogar,Oeste,96.85,40
2023-02-10,Producto B,Electrónica,Sur,26.31,51
2023-02-10,Producto C,Juguetes,Este,81.57,43
2023-02-10,Producto D,Electrónica,Norte,83.31,53
2023-02-11,Producto A,Juguetes,Norte,88.95,48
2023-02-11,Producto B,Ropa,Oeste,43.92,49
2023-02-11,Producto C,Ropa,Este,55.24,44
2023-02-11,Producto D,Ropa,Sur,58.92,61
2023-02-12,Producto A,Ropa,Sur,94.58,53
2023-02-12,Producto B,Juguetes,Oeste,81.46,52
2023-02-12,Producto C,Ropa,Este,80.97,41
2023-02-12,Producto D,Electrónica,Este,76.96,47
2023-02-13,Producto A,Ropa,Este,86.18,41
2023-02-13,Producto B,Electrónica,Oeste,23.49,44
2023-02-13,Producto C,Hogar,Este,67.7,54
2023-02-13,Producto D,Ropa,Este,41.11,43
2023-02-14,Producto A,Hogar,Sur,46.08,49
2023-02-14,Producto B,Juguetes,Sur,62.76,50
2023-02-14,Producto C,Ropa,Oeste,88.49,63
2023-02-14,Producto D,Juguetes,Norte,93.02,54
2023-02-15,Producto A,Juguetes,Este,64.6,48
2023-02-15,Producto B,Juguetes,Norte,93.3,49
2023-02-15,Producto C,Electrónica,Sur,85.5,59
2023-02-15,Producto D,Juguetes,Este,45.91,35
2023-02-16,Producto A,Juguetes,Norte,10.42,46
2023-02-16,Producto B,Electrónica,Sur,92.79,47
2023-02-16,Producto C,Hogar,Este,50.7,44
2023-02-16,Producto D,Ropa,Sur,25.87,50
2023-02-17,Producto A,Juguetes,Norte,42.62,52
2023-02-17,Producto B,Juguetes,Sur,69.72,41
2023-02-17,Producto C,Juguetes,Este,99.72,50
2023-02-17,Producto D,Electrónica,Sur,77.5,43
2023-02-18,Producto A,Electrónica,Norte,52.49,51
2023-02-18,Producto B,Hogar,Este,50.8,50
2023-02-18,Producto C,Hogar,Sur,60.37,42
2023-02-18,Producto D,Electrónica,Este,95.15,47
2023-02-19,Producto A,Hogar,Sur,46.79,55
2023-02-19,Producto B,Electrónica,Norte,29.98,44
2023-02-19,Producto C,Electrónica,Oeste,19.37,57
2023-02-19,Producto D,Electrónica,Oeste,31.44,39
2023-02-20,Producto A,Hogar,Oeste,87.01,58
2023-02-20,Producto B,Electrónica,Sur,28.45,45
2023-02-20,Producto C,Ropa,Sur,17.7,43
2023-02-20,Producto D,Electrónica,Este,62.47,48
2023-02-21,Producto A,Ropa,Norte,40.76,45
2023-02-21,Producto B,Ropa,Este,34.13,53
2023-02-21,Producto C,Hogar,Norte,49.25,56
2023-02-21,Producto D,Hogar,Sur,53.87,60
2023-02-22,Producto A,Electrónica,Sur,12.02,45
2023-02-22,Producto B,Electrónica,Norte,33.21,41
2023-02-22,Producto C,Juguetes,Sur,57.31,42
2023-02-22,Producto D,Ropa,Sur,92.29,40
2023-02-23,Producto A,Hogar,Sur,59.88,53
2023-02-23,Producto B,Ropa,Norte,10.99,59
2023-02-23,Producto C,Juguetes,Norte,69.85,48
2023-02-23,Producto D,Hogar,Sur,14.23,42
2023-02-24,Producto A,Ropa,Norte,64.28,44
2023-02-24,Producto B,Juguetes,Este,42.01,55
2023-02-24,Producto C,Ropa,Sur,52.84,53
2023-02-24,Producto D,Electrónica,Oeste,29.34,52
2023-02-25,Producto A,Hogar,Este,63.72,46
2023-02-25,Producto B,Electrónica,Norte,16.76,55
2023-02-25,Producto C,Ropa,Oeste,49.13,44
2023-02-25,Producto D,Electrónica,Oeste,72.52,45
2023-02-26,Producto A,Ropa,Norte,18.24,62
2023-02-26,Producto B,Hogar,Norte,50.14,43
2023-02-26,Producto C,Juguetes,Este,75.9,57
2023-02-26,Producto D,Hogar,Oeste,86.43,44
2023-02-27,Producto A,Ropa,Este,98.89,65
2023-02-27,Producto B,Hogar,Oeste,93.27,42
2023-02-27,Producto C,Hogar,Este,13.06,54
2023-02-27,Producto D,Juguetes,Oeste,97.4,65
2023-02-28,Producto A,Hogar,Oeste,86.01,46
2023-02-28,Producto B,Electrónica,Sur,63.66,44
2023-02-28,Producto C,Hogar,Este,72.67,47
2023-02-28,Producto D,Juguetes,Este,38.38,51
2023-03-01,Producto A,Electrónica,Norte,66.33,60
2023-03-01,Producto B,Hogar,Sur,12.2,59
2023-03-01,Producto C,Ropa,Norte,57.6,64
2023-03-01,Producto D,Ropa,Sur,41.56,56
2023-03-02,Producto A,Electrónica,Oeste,66.48,56
2023-03-02,Producto B,Ropa,Oeste,76.38,44
2023-03-02,Producto C,Hogar,Oeste,35.85,46
2023-03-02,Producto D,Electrónica,Oeste,11.61,48
2023-03-03,Producto A,Juguetes,Este,95.5,56
2023-03-03,Producto B,Hogar,Este,89.12,65
2023-03-03,Producto C,Electrónica,Sur,25.03,65
2023-03-03,Producto D,Electrónica,Este,56.14,44
2023-03-04,Producto A,Hogar,Norte,26.78,56
2023-03-04,Producto B,Electrónica,Sur,97.22,48
2023-03-04,Producto C,Hogar,Norte,23.85,57
2023-03-04,Producto D,Juguetes,Norte,58.33,52
2023-03-05,Producto A,Hogar,Este,88.97,45
2023-03-05,Producto B,Electrónica,Este,96.01,59
2023-03-05,Producto C,Juguetes,Norte,59.58,38
2023-03-05,Producto D,Ropa,Sur,33.38,55
2023-03-06,Producto A,Hogar,Norte,29.82,54
2023-03-06,Producto B,Electrónica,Sur,54.56,50
2023-03-06,Producto C,Hogar,Este,41.3,54
2023-03-06,Producto D,Electrónica,Norte,89.08,57
2023-03-07,Producto A,Electrónica,Este,88.06,54
2023-03-07,Producto B,Electrónica,Norte,71.21,52
2023-03-07,Producto C,Ropa,Norte,89.28,59
2023-03-07,Producto D,Ropa,Sur,21.6,46
2023-03-08,Producto A,Ropa,Sur,83.62,58
2023-03-08,Producto B,Ropa,Sur,35.83,53
2023-03-08,Producto C,Juguetes,Oeste,58.6,56
2023-03-08,Producto D,Hogar,Este,58.71,69
2023-03-09,Producto A,Juguetes,Este,93.88,54
2023-03-09,Producto B,Ropa,Oeste,73.74,37
2023-03-09,Producto C,Electrónica,Sur,65.88,55
2023-03-09,Producto D,Electrónica,Oeste,12.21,50
2023-03-10,Producto A,Hogar,Este,50.13,48
2023-03-10,Producto B,Ropa,Este,81.53,54
2023-03-10,Producto C,Hogar,Este,71.24,53
2023-03-10,Producto D,Electrónica,Sur,23.6,49
2023-03-11,Producto A,Juguetes,Norte,67.47,48
2023-03-11,Producto B,Ropa,Este,46.84,60
2023-03-11,Producto C,Electrónica,Este,12.8,53
2023-03-11,Producto D,Ropa,Oeste,52.59,71
2023-03-12,Producto A,Electrónica,Norte,79.89,56
2023-03-12,Producto B,Juguetes,Oeste,12.93,62
2023-03-12,Producto C,Hogar,Este,53.34,40
2023-03-12,Producto D,Juguetes,Oeste,48.73,43
2023-03-13,Producto A,Ropa,Sur,62.38,45
2023-03-13,Producto B,Ropa,Oeste,50.97,48
2023-03-13,Producto C,Ropa,Sur,36.25,54
2023-03-13,Producto D,Hogar,Norte,13.57,50
2023-03-14,Producto A,Electrónica,Oeste,98.8,41
2023-03-14,Producto B,Hogar,Oeste,73.22,51
2023-03-14,Producto C,Juguetes,Norte,56.59,38
2023-03-14,Producto D,Electrónica,Norte,17.07,48
2023-03-15,Producto A,Ropa,Sur,72.05,57
2023-03-15,Producto B,Ropa,Oeste,19.41,53
2023-03-15,Producto C,Hogar,Norte,94.26,54
2023-03-15,Producto D,Hogar,Oeste,82.16,47
2023-03-16,Producto A,Ropa,Este,90.53,51
2023-03-16,Producto B,Hogar,Este,67.92,50
2023-03-16,Producto C,Ropa,Sur,15.43,44
2023-03-16,Producto D,Electrónica,Este,29.73,43
2023-03-17,Producto A,Ropa,Oeste,54.84,51
2023-03-17,Producto B,Hogar,Norte,99.67,43
2023-03-17,Producto C,Electrónica,Sur,12.76,45
2023-03-17,Producto D,Hogar,Norte,75.45,55
2023-03-18,Producto A,Juguetes,Oeste,43.39,59
2023-03-18,Producto B,Juguetes,Sur,75.27,50
2023-03-18,Producto C,Hogar,Oeste,47.95,45
2023-03-18,Producto D,Hogar,Norte,28.96,53
2023-03-19,Producto A,Ropa,Norte,21.84,42
2023-03-19,Producto B,Hogar,Sur,26.29,59
2023-03-19,Producto C,Hogar,Sur,88.37,49
2023-03-19,Producto D,Electrónica,Oeste,63.37,42
2023-03-20,Producto A,Electrónica,Oeste,33.23,53
2023-03-20,Producto B,Juguetes,Oeste,21.78,44
2023-03-20,Producto C,Hogar,Oeste,56.78,46
2023-03-20,Producto D,Electrónica,Norte,32.38,52
2023-03-21,Producto A,Juguetes,Sur,25.09,53
2023-03-21,Producto B,Electrónica,Oeste,82.51,52
2023-03-21,Producto C,Juguetes,Este,20.07,45
2023-03-21,Producto D,Ropa,Norte,94.29,32
2023-03-22,Producto A,Hogar,Norte,94.05,46
2023-03-22,Producto B,Hogar,Oeste,23.35,53
2023-03-22,Producto C,Ropa,Oeste,56.4,50
2023-03-22,Producto D,Juguetes,Este,12.7,46
2023-03-23,Producto A,Hogar,Oeste,70.61,72
2023-03-23,Producto B,Juguetes,Norte,49.94,59
2023-03-23,Producto C,Hogar,Norte,85.43,65
2023-03-23,Producto D,Hogar,Sur,65.61,59
2023-03-24,Producto A,Juguetes,Este,93.79,54
2023-03-24,Producto B,Ropa,Este,69.3,48
2023-03-24,Producto C,Hogar,Sur,69.21,59
2023-03-24,Producto D,Electrónica,Este,76.46,60
2023-03-25,Producto A,Hogar,Oeste,70.08,57
2023-03-25,Producto B,Electrónica,Este,49.2,57
2023-03-25,Producto C,Hogar,Este,10.52,46
2023-03-25,Producto D,Ropa,Este,72.59,48
2023-03-26,Producto A,Electrónica,Oeste,43.59,44
2023-03-26,Producto B,Ropa,Oeste,70.14,52
2023-03-26,Producto C,Ropa,Norte,87.7,50
2023-03-26,Producto D,Electrónica,Norte,40.71,47
2023-03-27,Producto A,Electrónica,Este,58.02,52
2023-03-27,Producto B,Hogar,Sur,74.63,67
2023-03-27,Producto C,Ropa,Este,10.68,53
2023-03-27,Producto D,Electrónica,Oeste,93.43,47
2023-03-28,Producto A,Electrónica,Oeste,33.11,45
2023-03-28,Producto B,Ropa,Oeste,58.52,46
2023-03-28,Producto C,Hogar,Sur,34.54,48
2023-03-28,Producto D,Ropa,Este,71.3,43
2023-03-29,Producto A,Ropa,Este,19.62,51
2023-03-29,Producto B,Juguetes,Oeste,53.52,57
2023-03-29,Producto C,Juguetes,Norte,66.98,66
2023-03-29,Producto D,Hogar,Norte,89.58,44
2023-03-30,Producto A,Hogar,Oeste,46.99,47
2023-03-30,Producto B,Electrónica,Oeste,34.73,57
2023-03-30,Producto C,Hogar,Norte,18.6,53
2023-03-30,Producto D,Hogar,Norte,25.12,55
2023-03-31,Producto A,Ropa,Norte,18.61,52
2023-03-31,Producto B,Hogar,Norte,45.18,52
2023-03-31,Producto C,Hogar,Oeste,22.28,54
2023-03-31,Producto D,Hogar,Norte,74.58,41
2023-04-01,Producto A,Hogar,Sur,62.05,45
2023-04-01,Producto B,Juguetes,Norte,90.48,43
2023-04-01,Producto C,Ropa,Sur,41.95,37
2023-04-01,Producto D,Hogar,Oeste,82.03,44
2023-04-02,Producto A,Hogar,Oeste,68.58,51
2023-04-02,Producto B,Ropa,Sur,70.25,51
2023-04-02,Producto C,Hogar,Oeste,15.41,51
2023-04-02,Producto D,Electrónica,Norte,72.1,43
2023-04-03,Producto A,Hogar,Sur,50.53,56
2023-04-03,Producto B,Juguetes,Oeste,81.59,63
2023-04-03,Producto C,Juguetes,Este,23.72,51
2023-04-03,Producto D,Electrónica,Oeste,66.12,38
2023-04-04,Producto A,Electrónica,Norte,84.35,56
2023-04-04,Producto B,Hogar,Oeste,37.28,45
2023-04-04,Producto C,Electrónica,Sur,94.33,51
2023-04-04,Producto D,Juguetes,Sur,50.25,52
2023-04-05,Producto A,Ropa,Sur,54.73,40
2023-04-05,Producto B,Ropa,Sur,89.02,59
2023-04-05,Producto C,Juguetes,Este,37.42,38
2023-04-05,Producto D,Hogar,Este,72.55,47
2023-04-06,Producto A,Juguetes,Sur,84.02,41
2023-04-06,Producto B,Juguetes,Este,53.84,52
2023-04-06,Producto C,Electrónica,Oeste,55.23,48
2023-04-06,Producto D,Electrónica,Sur,16.14,46
2023-04-07,Producto A,Hogar,Norte,19.51,53
2023-04-07,Producto B,Hogar,Sur,68.52,42
2023-04-07,Producto C,Ropa,Sur,51.38,41
2023-04-07,Producto D,Hogar,Sur,19.09,54
2023-04-08,Producto A,Juguetes,Oeste,99.7,57
2023-04-08,Producto B,Juguetes,Norte,66.15,50
2023-04-08,Producto C,Ropa,Norte,89.79,49
2023-04-08,Producto D,Ropa,Este,47.27,58
2023-04-09,Producto A,Hogar,Norte,10.99,48
2023-04-09,Producto B,Hogar,Sur,33.38,56
2023-04-09,Producto C,Ropa,Norte,29.37,68
2023-04-09,Producto D,Ropa,Norte,59.32,49
2023-04-10,Producto A,Ropa,Norte,53.94,41
2023-04-10,Producto B,Juguetes,Sur,52.84,47
2023-04-10,Producto C,Hogar,Sur,80.65,56
2023-04-10,Producto D,Electrónica,Sur,49.38,45
2023-04-11,Producto A,Hogar,Oeste,91.16,49
2023-04-11,Producto B,Hogar,Oeste,90.56,53
2023-04-11,Producto C,Juguetes,Este,56.66,41
2023-04-11,Producto D,Electrónica,Este,71.22,32
2023-04-12,Producto A,Ropa,Norte,16.49,37
2023-04-12,Producto B,Electrónica,Oeste,76.38,47
2023-04-12,Producto C,Ropa,Oeste,79.72,53
2023-04-12,Producto D,Ropa,Sur,18.86,53
2023-04-13,Producto A,Juguetes,Sur,11.89,46
2023-04-13,Producto B,Electrónica,Norte,44.37,43
2023-04-13,Producto C,Hogar,Oeste,79.72,53
2023-04-13,Producto D,Hogar,Este,97.16,57
2023-04-14,Producto A,Juguetes,Sur,64.17,52
2023-04-14,Producto B,Juguetes,Oeste,69.08,41
2023-04-14,Producto C,Juguetes,Sur,30.22,47
2023-04-14,Producto D,Juguetes,Sur,65.16,65
2023-04-15,Producto A,Electrónica,Oeste,27.77,60
2023-04-15,Producto B,Ropa,Sur,83.44,62
2023-04-15,Producto C,Electrónica,Sur,51.45,58
2023-04-15,Producto D,Ropa,Este,69.05,42
2023-04-16,Producto A,Ropa,Norte,94.36,33
2023-04-16,Producto B,Electrónica,Norte,75.34,57
2023-04-16,Producto C,Ropa,Este,85.66,55
2023-04-16,Producto D,Electrónica,Norte,55.75,46
2023-04-17,Producto A,Electrónica,Sur,88.6,53
2023-04-17,Producto B,Ropa,Oeste,51.54,39
2023-04-17,Producto C,Hogar,Sur,28.36,51
2023-04-17,Producto D,Ropa,Este,26.92,47
2023-04-18,Producto A,Juguetes,Oeste,10.47,56
2023-04-18,Producto B,Electrónica,Sur,28.22,67
2023-04-18,Producto C,Ropa,Oeste,23.4,46
2023-04-18,Producto D,Electrónica,Sur,43.15,49
2023-04-19,Producto A,Juguetes,Sur,63.37,48
2023-04-19,Producto B,Juguetes,Este,10.29,52
2023-04-19,Producto C,Electrónica,Norte,18.37,52
2023-04-19,Producto D,Hogar,Este,15.84,52
2023-04-20,Producto A,Juguetes,Oeste,64.31,54
2023-04-20,Producto B,Ropa,Oeste,84.25,50
2023-04-20,Producto C,Hogar,Oeste,40.08,56
2023-04-20,Producto D,Ropa,Oeste,56.55,49
2023-04-21,Producto A,Ropa,Norte,49.06,38
2023-04-21,Producto B,Ropa,Oeste,76.21,53
2023-04-21,Producto C,Juguetes,Oeste,80.71,40
2023-04-21,Producto D,Hogar,Oeste,44.54,51
2023-04-22,Producto A,Electrónica,Oeste,42.6,46
2023-04-22,Producto B,Electrónica,Sur,84.85,45
2023-04-22,Producto C,Electrónica,Este,94.66,45
2023-04-22,Producto D,Ropa,Norte,85.77,43
2023-04-23,Producto A,Hogar,Oeste,53.47,41
2023-04-23,Producto B,Ropa,Este,54.68,49
2023-04-23,Producto C,Hogar,Norte,24.3,52
2023-04-23,Producto D,Ropa,Oeste,69.13,67
2023-04-24,Producto A,Juguetes,Sur,35.4,45
2023-04-24,Producto B,Juguetes,Sur,32.46,45
2023-04-24,Producto C,Hogar,Norte,79.9,36
2023-04-24,Producto D,Juguetes,Este,15.64,61
2023-04-25,Producto A,Juguetes,Sur,47.0,47
2023-04-25,Producto B,Hogar,Oeste,69.74,64
2023-04-25,Producto C,Juguetes,Oeste,33.41,45
2023-04-25,Producto D,Hogar,Norte,60.88,49
2023-04-26,Producto A,Juguetes,Oeste,41.46,40
2023-04-26,Producto B,Juguetes,Este,32.59,58
2023-04-26,Producto C,Electrónica,Oeste,20.33,59
2023-04-26,Producto D,Electrónica,Este,73.71,51
2023-04-27,Producto A,Hogar,Sur,53.62,58
2023-04-27,Producto B,Hogar,Oeste,47.06,53
2023-04-27,Producto C,Juguetes,Este,56.13,57
2023-04-27,Producto D,Juguetes,Este,80.77,43
2023-04-28,Producto A,Juguetes,Sur,39.72,56
2023-04-28,Producto B,Juguetes,Oeste,89.0,44
2023-04-28,Producto C,Hogar,Oeste,79.48,49
2023-04-28,Producto D,Electrónica,Sur,54.8,39
2023-04-29,Producto A,Electrónica,Este,44.24,43
2023-04-29,Producto B,Juguetes,Oeste,81.36,52
2023-04-29,Producto C,Ropa,Norte,45.64,62
2023-04-29,Producto D,Hogar,Oeste,72.63,57
2023-04-30,Producto A,Ropa,Norte,91.55,41
2023-04-30,Producto B,Juguetes,Oeste,90.46,53
2023-04-30,Producto C,Juguetes,Sur,65.38,57
2023-04-30,Producto D,Juguetes,Norte,47.6,53
2023-05-01,Producto A,Hogar,Sur,48.47,42
2023-05-01,Producto B,Electrónica,Este,57.47,38
2023-05-01,Producto C,Electrónica,Oeste,87.24,57
2023-05-01,Producto D,Ropa,Oeste,38.29,49
2023-05-02,Producto A,Juguetes,Norte,42.2,50
2023-05-02,Producto B,Juguetes,Sur,25.64,55
2023-05-02,Producto C,Hogar,Norte,31.59,41
2023-05-02,Producto D,Ropa,Sur,77.39,53
2023-05-03,Producto A,Hogar,Norte,85.73,53
2023-05-03,Producto B,Juguetes,Sur,39.26,54
2023-05-03,Producto C,Ropa,Sur,87.02,44
2023-05-03,Producto D,Ropa,Oeste,67.86,54
2023-05-04,Producto A,Hogar,Este,29.14,59
2023-05-04,Producto B,Ropa,Oeste,69.85,45
2023-05-04,Producto C,Ropa,Este,60.44,40
2023-05-04,Producto D,Hogar,Sur,87.81,51
2023-05-05,Producto A,Hogar,Este,19.96,48
2023-05-05,Producto B,Juguetes,Sur,92.63,45
2023-05-05,Producto C,Ropa,Sur,91.97,55
2023-05-05,Producto D,Ropa,Norte,35.34,59
2023-05-06,Producto A,Hogar,Norte,58.66,39
2023-05-06,Producto B,Juguetes,Norte,52.19,46
2023-05-06,Producto C,Ropa,Norte,36.99,55
2023-05-06,Producto D,Juguetes,Oeste,86.7,54
2023-05-07,Producto A,Electrónica,Oeste,26.68,38
2023-05-07,Producto B,Electrónica,Oeste,13.12,59
2023-05-07,Producto C,Electrónica,Oeste,84.82,52
2023-05-07,Producto D,Electrónica,Norte,91.87,54
2023-05-08,Producto A,Juguetes,Oeste,61.46,50
2023-05-08,Producto B,Juguetes,Sur,49.11,56
2023-05-08,Producto C,Hogar,Oeste,49.9,52
2023-05-08,Producto D,Juguetes,Norte,73.24,44
2023-05-09,Producto A,Juguetes,Oeste,44.61,50
2023-05-09,Producto B,Hogar,Oeste,64.06,55
2023-05-09,Producto C,Ropa,Sur,16.38,45
2023-05-09,Producto D,Juguetes,Sur,14.11,41
2023-05-10,Producto A,Electrónica,Norte,39.82,50
2023-05-10,Producto B,Ropa,Oeste,35.26,43
2023-05-10,Producto C,Hogar,Norte,10.69,44
2023-05-10,Producto D,Juguetes,Norte,40.5,57
2023-05-11,Producto A,Hogar,Sur,36.41,63
2023-05-11,Producto B,Electrónica,Norte,65.54,40
2023-05-11,Producto C,Ropa,Este,88.68,50
2023-05-11,Producto D,Ropa,Este,21.83,45
2023-05-12,Producto A,Juguetes,Este,46.99,61
2023-05-12,Producto B,Juguetes,Norte,37.84,57
2023-05-12,Producto C,Ropa,Sur,14.6,45
2023-05-12,Producto D,Ropa,Oeste,71.79,40
2023-05-13,Producto A,Ropa,Oeste,43.21,40
2023-05-13,Producto B,Juguetes,Norte,16.39,38
2023-05-13,Producto C,Ropa,Sur,70.17,54
2023-05-13,Producto D,Ropa,Norte,10.91,53
2023-05-14,Producto A,Electrónica,Este,88.63,55
2023-05-14,Producto B,Hogar,Norte,15.98,51
2023-05-14,Producto C,Electrónica,Norte,47.98,46
2023-05-14,Producto D,Electrónica,Este,13.94,40
2023-05-15,Producto A,Ropa,Norte,75.63,53
2023-05-15,Producto B,Hogar,Este,48.69,54
2023-05-15,Producto C,Electrónica,Sur,81.01,49
2023-05-15,Producto D,Ropa,Este,87.18,62
2023-05-16,Producto A,Juguetes,Este,62.4,47
2023-05-16,Producto B,Juguetes,Oeste,71.96,47
2023-05-16,Producto C,Electrónica,Este,22.83,60
2023-05-16,Producto D,Juguetes,Este,12.29,53
2023-05-17,Producto A,Ropa,Este,16.45,48
2023-05-17,Producto B,Hogar,Oeste,64.52,47
2023-05-17,Producto C,Juguetes,Sur,50.86,54
2023-05-17,Producto D,Electrónica,Sur,12.48,48
2023-05-18,Producto A,Hogar,Este,44.92,42
2023-05-18,Producto B,Ropa,Norte,51.27,45
2023-05-18,Producto C,Electrónica,Norte,96.03,46
2023-05-18,Producto D,Juguetes,Sur,84.4,68
2023-05-19,Producto A,Electrónica,Oeste,40.63,51
2023-05-19,Producto B,Electrónica,Norte,58.75,49
2023-05-19,Producto C,Juguetes,Norte,27.52,35
2023-05-19,Producto D,Juguetes,Norte,96.98,51
2023-05-20,Producto A,Juguetes,Este,22.53,49
2023-05-20,Producto B,Ropa,Oeste,46.16,53
2023-05-20,Producto C,Hogar,Este,28.12,48
2023-05-20,Producto D,Electrónica,Norte,58.87,61
2023-05-21,Producto A,Electrónica,Este,88.3,41
2023-05-21,Producto B,Juguetes,Norte,81.48,45
2023-05-21,Producto C,Juguetes,Sur,23.39,50
2023-05-21,Producto D,Ropa,Este,43.78,45
2023-05-22,Producto A,Juguetes,Este,44.79,50
2023-05-22,Producto B,Hogar,Norte,87.9,58
2023-05-22,Producto C,Juguetes,Este,96.04,43
2023-05-22,Producto D,Juguetes,Norte,49.52,49
2023-05-23,Producto A,Hogar,Norte,93.37,54
2023-05-23,Producto B,Hogar,Sur,22.1,46
2023-05-23,Producto C,Hogar,Norte,35.09,54
2023-05-23,Producto D,Ropa,Sur,11.29,55
2023-05-24,Producto A,Electrónica,Este,22.86,56
2023-05-24,Producto B,Juguetes,Norte,78.95,58
2023-05-24,Producto C,Juguetes,Este,53.89,38
2023-05-24,Producto D,Hogar,Este,15.94,47
2023-05-25,Producto A,Juguetes,Norte,95.29,50
2023-05-25,Producto B,Juguetes,Norte,55.06,57
2023-05-25,Producto C,Juguetes,Sur,16.56,48
2023-05-25,Producto D,Juguetes,Sur,35.29,48
2023-05-26,Producto A,Electrónica,Este,52.88,44
2023-05-26,Producto B,Electrónica,Norte,64.31,47
2023-05-26,Producto C,Hogar,Este,89.98,50
2023-05-26,Producto D,Hogar,Oeste,66.23,37
2023-05-27,Producto A,Hogar,Sur,74.26,57
2023-05-27,Producto B,Hogar,Sur,56.82,41
2023-05-27,Producto C,Hogar,Oeste,54.7,45
2023-05-27,Producto D,Hogar,Este,14.89,55
2023-05-28,Producto A,Ropa,Norte,56.0,34
2023-05-28,Producto B,Hogar,Norte,15.64,58
2023-05-28,Producto C,Electrónica,Oeste,76.68,46
2023-05-28,Producto D,Electrónica,Este,34.34,58
2023-05-29,Producto A,Juguetes,Sur,90.27,49
2023-05-29,Producto B,Juguetes,Oeste,96.77,38
2023-05-29,Producto C,Hogar,Norte,44.89,53
2023-05-29,Producto D,Hogar,Este,25.03,55
2023-05-30,Producto A,Electrónica,Oeste,78.49,66
2023-05-30,Producto B,Hogar,Norte,19.48,56
2023-05-30,Producto C,Hogar,Norte,42.4,67
2023-05-30,Producto D,Electrónica,Este,51.19,43
2023-05-31,Producto A,Juguetes,Norte,14.71,56
2023-05-31,Producto B,Electrónica,Oeste,86.53,43
2023-05-31,Producto C,Ropa,Sur,89.21,44
2023-05-31,Producto D,Electrónica,Norte,36.58,41
2023-06-01,Producto A,Hogar,Este,38.41,53
2023-06-01,Producto B,Juguetes,Sur,27.93,60
2023-06-01,Producto C,Ropa,Norte,15.23,40
2023-06-01,Producto D,Juguetes,Este,85.19,46
2023-06-02,Producto A,Juguetes,Sur,47.23,50
2023-06-02,Producto B,Electrónica,Oeste,63.56,54
2023-06-02,Producto C,Juguetes,Oeste,79.56,40
2023-06-02,Producto D,Ropa,Este,82.64,40
2023-06-03,Producto A,Juguetes,Oeste,36.4,56
2023-06-03,Producto B,Juguetes,Norte,43.46,58
2023-06-03,Producto C,Ropa,Oeste,80.49,56
2023-06-03,Producto D,Hogar,Este,37.26,36
2023-06-04,Producto A,Hogar,Sur,53.57,55
2023-06-04,Producto B,Hogar,Oeste,96.2,69
2023-06-04,Producto C,Electrónica,Norte,30.28,43
2023-06-04,Producto D,Hogar,Norte,80.32,52
2023-06-05,Producto A,Electrónica,Oeste,67.24,48
2023-06-05,Producto B,Ropa,Norte,41.07,62
2023-06-05,Producto C,Juguetes,Norte,90.11,54
2023-06-05,Producto D,Electrónica,Sur,10.71,53
2023-06-06,Producto A,Hogar,Norte,96.21,51
2023-06-06,Producto B,Electrónica,Sur,71.17,37
2023-06-06,Producto C,Hogar,Sur,51.37,51
2023-06-06,Producto D,Hogar,Este,24.92,49
2023-06-07,Producto A,Ropa,Oeste,85.93,59
2023-06-07,Producto B,Hogar,Norte,27.72,51
2023-06-07,Producto C,Electrónica,Sur,63.42,37
2023-06-07,Producto D,Hogar,Sur,27.11,56
2023-06-08,Producto A,Juguetes,Sur,74.65,44
2023-06-08,Producto B,Ropa,Norte,24.64,51
2023-06-08,Producto C,Hogar,Oeste,11.09,63
2023-06-08,Producto D,Ropa,Norte,29.99,46
2023-06-09,Producto A,Juguetes,Oeste,18.59,48
2023-06-09,Producto B,Ropa,Oeste,69.62,40
2023-06-09,Producto C,Juguetes,Este,92.76,56
2023-06-09,Producto D,Juguetes,Oeste,77.88,52
2023-06-10,Producto A,Hogar,Norte,32.59,51
2023-06-10,Producto B,Juguetes,Norte,31.64,39
2023-06-10,Producto C,Ropa,Norte,13.5,31
2023-06-10,Producto D,Hogar,Oeste,35.42,66
2023-06-11,Producto A,Ropa,Oeste,62.21,50
2023-06-11,Producto B,Ropa,Norte,41.77,60
2023-06-11,Producto C,Juguetes,Este,52.87,50
2023-06-11,Producto D,Electrónica,Oeste,26.75,46
2023-06-12,Producto A,Juguetes,Sur,16.4,50
2023-06-12,Producto B,Juguetes,Este,85.22,46
2023-06-12,Producto C,Juguetes,Oeste,68.92,51
2023-06-12,Producto D,Ropa,Norte,13.38,41
2023-06-13,Producto A,Electrónica,Norte,47.49,50
2023-06-13,Producto B,Hogar,Oeste,30.35,46
2023-06-13,Producto C,Ropa,Oeste,10.13,44
2023-06-13,Producto D,Ropa,Norte,86.36,48
2023-06-14,Producto A,Hogar,Norte,74.14,57
2023-06-14,Producto B,Hogar,Oeste,91.17,56
2023-06-14,Producto C,Electrónica,Oeste,69.49,38
2023-06-14,Producto D,Hogar,Oeste,25.06,56
2023-06-15,Producto A,Ropa,Oeste,13.82,45
2023-06-15,Producto B,Juguetes,Este,74.3,56
2023-06-15,Producto C,Electrónica,Este,55.8,47
2023-06-15,Producto D,Juguetes,Sur,72.75,55
2023-06-16,Producto A,Electrónica,Este,72.51,45
2023-06-16,Producto B,Electrónica,Norte,41.08,59
2023-06-16,Producto C,Juguetes,Oeste,60.59,65
2023-06-16,Producto D,Ropa,Sur,24.67,56
2023-06-17,Producto A,Hogar,Norte,12.27,58
2023-06-17,Producto B,Hogar,Norte,97.32,49
2023-06-17,Producto C,Ropa,Norte,83.54,34
2023-06-17,Producto D,Ropa,Oeste,87.64,42
2023-06-18,Producto A,Ropa,Este,45.69,41
2023-06-18,Producto B,Juguetes,Este,37.88,45
2023-06-18,Producto C,Ropa,Norte,81.7,44
2023-06-18,Producto D,Ropa,Sur,84.95,61
2023-06-19,Producto A,Juguetes,Oeste,14.67,51
2023-06-19,Producto B,Ropa,Norte,41.77,52
2023-06-19,Producto C,Electrónica,Oeste,46.41,37
2023-06-19,Producto D,Hogar,Sur,48.95,54
2023-06-20,Producto A,Hogar,Sur,43.65,65
2023-06-20,Producto B,Hogar,Este,66.91,43
2023-06-20,Producto C,Hogar,Norte,19.12,45
2023-06-20,Producto D,Hogar,Norte,98.23,37
2023-06-21,Producto A,Electrónica,Sur,97.36,40
2023-06-21,Producto B,Electrónica,Sur,73.41,48
2023-06-21,Producto C,Juguetes,Este,33.78,43
2023-06-21,Producto D,Juguetes,Sur,35.87,52
2023-06-22,Producto A,Electrónica,Este,95.63,46
2023-06-22,Producto B,Juguetes,Este,66.13,53
2023-06-22,Producto C,Hogar,Sur,96.85,44
2023-06-22,Producto D,Electrónica,Oeste,64.9,46
2023-06-23,Producto A,Juguetes,Sur,87.95,65
2023-06-23,Producto B,Hogar,Norte,95.03,43
2023-06-23,Producto C,Hogar,Sur,71.21,48
2023-06-23,Producto D,Juguetes,Este,32.78,49
2023-06-24,Producto A,Juguetes,Norte,85.58,43
2023-06-24,Producto B,Juguetes,Sur,19.17,39
2023-06-24,Producto C,Ropa,Norte,49.06,45
2023-06-24,Producto D,Electrónica,Este,10.81,52
2023-06-25,Producto A,Electrónica,Norte,31.78,55
2023-06-25,Producto B,Electrónica,Norte,88.97,55
2023-06-25,Producto C,Ropa,Norte,29.3,45
2023-06-25,Producto D,Juguetes,Este,51.3,55
2023-06-26,Producto A,Ropa,Oeste,17.3,63
2023-06-26,Producto B,Hogar,Este,65.51,55
2023-06-26,Producto C,Hogar,Oeste,16.16,47
2023-06-26,Producto D,Hogar,Este,58.45,45
2023-06-27,Producto A,Hogar,Norte,69.98,56
2023-06-27,Producto B,Electrónica,Sur,32.35,54
2023-06-27,Producto C,Juguetes,Sur,68.44,64
2023-06-27,Producto D,Hogar,Este,36.31,49
2023-06-28,Producto A,Juguetes,Sur,55.24,35
2023-06-28,Producto B,Juguetes,Oeste,19.49,56
2023-06-28,Producto C,Hogar,Norte,33.42,42
2023-06-28,Producto D,Electrónica,Norte,26.71,53
2023-06-29,Producto A,Electrónica,Este,71.66,40
2023-06-29,Producto B,Juguetes,Oeste,32.5,50
2023-06-29,Producto C,Electrónica,Norte,41.84,46
2023-06-29,Producto D,Juguetes,Norte,39.41,47
2023-06-30,Producto A,Ropa,Oeste,88.87,39
2023-06-30,Producto B,Ropa,Norte,55.28,43
2023-06-30,Producto C,Hogar,Este,85.41,59
2023-06-30,Producto D,Electrónica,Este,64.95,42
2023-07-01,Producto A,Electrónica,Oeste,72.46,44
2023-07-01,Producto B,Electrónica,Este,10.18,55
2023-07-01,Producto C,Hogar,Sur,24.52,38
2023-07-01,Producto D,Ropa,Oeste,90.18,44
2023-07-02,Producto A,Juguetes,Este,30.01,50
2023-07-02,Producto B,Hogar,Este,15.2,48
2023-07-02,Producto C,Ropa,Sur,96.39,52
2023-07-02,Producto D,Ropa,Norte,48.6,51
2023-07-03,Producto A,Ropa,Sur,25.45,50
2023-07-03,Producto B,Hogar,Norte,66.83,51
2023-07-03,Producto C,Electrónica,Norte,20.55,46
2023-07-03,Producto D,Hogar,Norte,28.56,48
2023-07-04,Producto A,Ropa,Sur,55.7,48
2023-07-04,Producto B,Electrónica,Este,16.21,49
2023-07-04,Producto C,Electrónica,Este,71.98,44
2023-07-04,Producto D,Juguetes,Norte,58.21,58
2023-07-05,Producto A,Ropa,Sur,81.24,49
2023-07-05,Producto B,Hogar,Norte,89.43,49
2023-07-05,Producto C,Hogar,Norte,82.32,61
2023-07-05,Producto D,Juguetes,Oeste,88.96,48
2023-07-06,Producto A,Juguetes,Este,15.99,53
2023-07-06,Producto B,Hogar,Norte,82.34,51
2023-07-06,Producto C,Ropa,Este,41.55,47
2023-07-06,Producto D,Hogar,Oeste,51.78,55
2023-07-07,Producto A,Ropa,Oeste,10.75,44
2023-07-07,Producto B,Electrónica,Norte,10.48,57
2023-07-07,Producto C,Ropa,Oeste,15.98,56
2023-07-07,Producto D,Electrónica,Oeste,77.66,57
2023-07-08,Producto A,Electrónica,Este,70.4,52
2023-07-08,Producto B,Ropa,Oeste,27.55,60
2023-07-08,Producto C,Electrónica,Oeste,78.28,52
2023-07-08,Producto D,Juguetes,Sur,62.09,53
2023-07-09,Producto A,Hogar,Norte,74.48,45
2023-07-09,Producto B,Ropa,Norte,31.74,43
2023-07-09,Producto C,Juguetes,Sur,55.64,43
2023-07-09,Producto D,Hogar,Sur,44.45,57
2023-07-10,Producto A,Juguetes,Norte,34.48,54
2023-07-10,Producto B,Hogar,Este,67.27,46
2023-07-10,Producto C,Juguetes,Norte,72.52,44
2023-07-10,Producto D,Hogar,Sur,69.58,57
2023-07-11,Producto A,Ropa,Este,26.9,38
2023-07-11,Producto B,Juguetes,Norte,48.91,44
2023-07-11,Producto C,Juguetes,Sur,70.02,46
2023-07-11,Producto D,Ropa,Oeste,39.28,44
2023-07-12,Producto A,Juguetes,Sur,18.54,55
2023-07-12,Producto B,Hogar,Este,99.79,44
2023-07-12,Producto C,Electrónica,Norte,21.71,56
2023-07-12,Producto D,Ropa,Oeste,68.89,44
2023-07-13,Producto A,Hogar,Oeste,66.14,56
2023-07-13,Producto B,Ropa,Oeste,65.76,51
2023-07-13,Producto C,Electrónica,Norte,62.82,56
2023-07-13,Producto D,Hogar,Norte,45.03,44
2023-07-14,Producto A,Juguetes,Este,93.62,47
2023-07-14,Producto B,Ropa,Norte,99.61,57
2023-07-14,Producto C,Electrónica,Sur,14.8,49
2023-07-14,Producto D,Ropa,Sur,43.58,64
2023-07-15,Producto A,Electrónica,Este,72.18,54
2023-07-15,Producto B,Hogar,Sur,24.06,53
2023-07-15,Producto C,Ropa,Oeste,73.46,49
2023-07-15,Producto D,Electrónica,Sur,25.28,52
2023-07-16,Producto A,Juguetes,Oeste,82.25,68
2023-07-16,Producto B,Juguetes,Sur,46.17,42
2023-07-16,Producto C,Hogar,Sur,92.92,52
2023-07-16,Producto D,Juguetes,Este,14.68,38
2023-07-17,Producto A,Juguetes,Este,89.46,53
2023-07-17,Producto B,Electrónica,Este,89.75,43
2023-07-17,Producto C,Juguetes,Oeste,82.24,61
2023-07-17,Producto D,Ropa,Norte,51.85,58
2023-07-18,Producto A,Juguetes,Oeste,16.03,38
2023-07-18,Producto B,Hogar,Este,28.97,44
2023-07-18,Producto C,Hogar,Oeste,19.09,42
2023-07-18,Producto D,Ropa,Norte,78.34,45
2023-07-19,Producto A,Hogar,Oeste,36.94,44
2023-07-19,Producto B,Ropa,Oeste,41.98,54
2023-07-19,Producto C,Electrónica,Sur,82.81,41
2023-07-19,Producto D,Ropa,Oeste,23.94,38
2023-07-20,Producto A,Ropa,Este,60.71,57
2023-07-20,Producto B,Hogar,Sur,55.5,41
2023-07-20,Producto C,Juguetes,Oeste,53.91,38
2023-07-20,Producto D,Ropa,Sur,84.01,35
2023-07-21,Producto A,Electrónica,Sur,75.25,51
2023-07-21,Producto B,Juguetes,Norte,87.6,46
2023-07-21,Producto C,Ropa,Norte,99.05,60
2023-07-21,Producto D,Ropa,Norte,54.05,55
2023-07-22,Producto A,Juguetes,Sur,85.44,47
2023-07-22,Producto B,Hogar,Oeste,39.54,49
2023-07-22,Producto C,Hogar,Oeste,27.68,66
2023-07-22,Producto D,Ropa,Norte,62.14,50
2023-07-23,Producto A,Juguetes,Oeste,59.74,47
2023-07-23,Producto B,Hogar,Este,61.38,43
2023-07-23,Producto C,Juguetes,Este,26.46,58
2023-07-23,Producto D,Electrónica,Sur,97.29,51
2023-07-24,Producto A,Hogar,Oeste,81.8,47
2023-07-24,Producto B,Electrónica,Este,86.06,57
2023-07-24,Producto C,Electrónica,Este,29.85,44
2023-07-24,Producto D,Ropa,Este,33.69,57
2023-07-25,Producto A,Electrónica,Norte,23.68,49
2023-07-25,Producto B,Electrónica,Oeste,53.75,62
2023-07-25,Producto C,Hogar,Oeste,28.68,49
2023-07-25,Producto D,Electrónica,Norte,23.9,50
2023-07-26,Producto A,Electrónica,Sur,99.96,56
2023-07-26,Producto B,Hogar,Sur,25.36,47
2023-07-26,Producto C,Juguetes,Este,91.95,50
2023-07-26,Producto D,Ropa,Oeste,13.14,51
2023-07-27,Producto A,Hogar,Este,24.46,44
2023-07-27,Producto B,Electrónica,Norte,20.04,52
2023-07-27,Producto C,Hogar,Oeste,44.18,57
2023-07-27,Producto D,Ropa,Este,21.29,56
2023-07-28,Producto A,Electrónica,Norte,60.92,63
2023-07-28,Producto B,Hogar,Sur,11.72,58
2023-07-28,Producto C,Electrónica,Norte,31.1,47
2023-07-28,Producto D,Ropa,Sur,70.11,63
2023-07-29,Producto A,Electrónica,Sur,71.06,46
2023-07-29,Producto B,Ropa,Norte,89.64,55
2023-07-29,Producto C,Ropa,Oeste,96.7,54
2023-07-29,Producto D,Hogar,Este,38.07,47
2023-07-30,Producto A,Ropa,Oeste,33.49,47
2023-07-30,Producto B,Ropa,Oeste,26.72,47
2023-07-30,Producto C,Juguetes,Este,18.31,42
2023-07-30,Producto D,Juguetes,Este,97.13,49
2023-07-31,Producto A,Hogar,Oeste,52.39,53
2023-07-31,Producto B,Juguetes,Oeste,62.01,61
2023-07-31,Producto C,Hogar,Este,15.0,53
2023-07-31,Producto D,Hogar,Este,89.61,60
2023-08-01,Producto A,Ropa,Oeste,72.2,45
2023-08-01,Producto B,Hogar,Este,40.79,48
2023-08-01,Producto C,Hogar,Norte,76.14,51
2023-08-01,Producto D,Ropa,Sur,36.99,52
2023-08-02,Producto A,Electrónica,Oeste,20.49,51
2023-08-02,Producto B,Juguetes,Oeste,75.97,53
2023-08-02,Producto C,Juguetes,Este,60.99,53
2023-08-02,Producto D,Hogar,Sur,39.41,57
2023-08-03,Producto A,Electrónica,Norte,51.76,43
2023-08-03,Producto B,Juguetes,Sur,76.5,51
2023-08-03,Producto C,Hogar,Norte,61.12,46
2023-08-03,Producto D,Hogar,Oeste,98.52,49
2023-08-04,Producto A,Ropa,Este,14.75,54
2023-08-04,Producto B,Juguetes,Norte,65.26,44
2023-08-04,Producto C,Hogar,Sur,84.12,57
2023-08-04,Producto D,Electrónica,Oeste,42.63,57
2023-08-05,Producto A,Hogar,Norte,17.62,49
2023-08-05,Producto B,Hogar,Este,29.91,47
2023-08-05,Producto C,Hogar,Norte,44.61,49
2023-08-05,Producto D,Ropa,Oeste,20.68,63
2023-08-06,Producto A,Electrónica,Sur,12.94,49
2023-08-06,Producto B,Hogar,Este,69.08,55
2023-08-06,Producto C,Juguetes,Oeste,20.47,52
2023-08-06,Producto D,Juguetes,Este,16.91,47
2023-08-07,Producto A,Juguetes,Sur,85.03,57
2023-08-07,Producto B,Electrónica,Este,32.98,39
2023-08-07,Producto C,Electrónica,Sur,70.82,53
2023-08-07,Producto D,Ropa,Sur,26.36,42
2023-08-08,Producto A,Hogar,Oeste,47.73,51
2023-08-08,Producto B,Juguetes,Este,75.83,67
2023-08-08,Producto C,Juguetes,Este,94.09,62
2023-08-08,Producto D,Electrónica,Oeste,46.29,56
2023-08-09,Producto A,Electrónica,Norte,48.56,55
2023-08-09,Producto B,Electrónica,Este,84.96,51
2023-08-09,Producto C,Hogar,Oeste,44.11,62
2023-08-09,Producto D,Hogar,Este,53.56,50
2023-08-10,Producto A,Juguetes,Sur,39.27,32
2023-08-10,Producto B,Ropa,Este,98.05,70
2023-08-10,Producto C,Electrónica,Este,41.12,54
2023-08-10,Producto D,Hogar,Norte,46.02,56
2023-08-11,Producto A,Ropa,Sur,12.32,52
2023-08-11,Producto B,Electrónica,Sur,20.83,64
2023-08-11,Producto C,Ropa,Norte,30.04,46
2023-08-11,Producto D,Hogar,Norte,24.42,42
2023-08-12,Producto A,Electrónica,Sur,90.82,38
2023-08-12,Producto B,Ropa,Este,11.49,53
2023-08-12,Producto C,Hogar,Sur,31.04,74
2023-08-12,Producto D,Juguetes,Sur,88.16,63
2023-08-13,Producto A,Hogar,Este,13.55,51
2023-08-13,Producto B,Electrónica,Este,62.49,46
2023-08-13,Producto C,Juguetes,Oeste,45.79,45
2023-08-13,Producto D,Ropa,Oeste,91.38,47
2023-08-14,Producto A,Juguetes,Oeste,48.35,44
2023-08-14,Producto B,Electrónica,Oeste,93.74,39
2023-08-14,Producto C,Electrónica,Este,88.36,38
2023-08-14,Producto D,Hogar,Este,14.62,50
2023-08-15,Producto A,Ropa,Este,45.51,51
2023-08-15,Producto B,Hogar,Norte,82.49,56
2023-08-15,Producto C,Juguetes,Norte,34.14,47
2023-08-15,Producto D,Juguetes,Sur,15.1,54
2023-08-16,Producto A,Hogar,Sur,33.38,46
2023-08-16,Producto B,Ropa,Sur,31.65,54
2023-08-16,Producto C,Electrónica,Oeste,84.19,48
2023-08-16,Producto D,Hogar,Este,42.44,54
2023-08-17,Producto A,Hogar,Norte,99.33,53
2023-08-17,Producto B,Electrónica,Este,36.05,49
2023-08-17,Producto C,Juguetes,Sur,48.47,46
2023-08-17,Producto D,Juguetes,Oeste,28.14,64
2023-08-18,Producto A,Electrónica,Este,60.06,56
2023-08-18,Producto B,Hogar,Oeste,13.61,45
2023-08-18,Producto C,Hogar,Este,32.77,59
2023-08-18,Producto D,Hogar,Este,98.12,54
2023-08-19,Producto A,Juguetes,Este,70.88,52
2023-08-19,Producto B,Juguetes,Sur,61.78,48
2023-08-19,Producto C,Electrónica,Oeste,30.36,54
2023-08-19,Producto D,Electrónica,Oeste,77.24,44
2023-08-20,Producto A,Juguetes,Norte,64.54,58
2023-08-20,Producto B,Electrónica,Oeste,40.72,49
2023-08-20,Producto C,Juguetes,Norte,51.88,45
2023-08-20,Producto D,Juguetes,Sur,48.38,51
2023-08-21,Producto A,Ropa,Sur,69.74,70
2023-08-21,Producto B,Juguetes,Norte,61.92,51
2023-08-21,Producto C,Hogar,Sur,18.09,52
2023-08-21,Producto D,Juguetes,Sur,46.59,41
2023-08-22,Producto A,Juguetes,Sur,57.29,54
2023-08-22,Producto B,Electrónica,Oeste,70.87,46
2023-08-22,Producto C,Ropa,Oeste,29.61,53
2023-08-22,Producto D,Hogar,Este,11.46,55
2023-08-23,Producto A,Electrónica,Este,60.09,47
2023-08-23,Producto B,Juguetes,Norte,84.84,62
2023-08-23,Producto C,Electrónica,Este,46.18,55
2023-08-23,Producto D,Ropa,Este,10.0,55
2023-08-24,Producto A,Ropa,Sur,11.16,51
2023-08-24,Producto B,Ropa,Oeste,60.92,50
2023-08-24,Producto C,Electrónica,Este,44.2,52
2023-08-24,Producto D,Electrónica,Oeste,18.55,46
2023-08-25,Producto A,Ropa,Este,98.86,49
2023-08-25,Producto B,Hogar,Oeste,99.6,52
2023-08-25,Producto C,Hogar,Norte,37.52,48
2023-08-25,Producto D,Hogar,Oeste,38.37,41
2023-08-26,Producto A,Ropa,Norte,62.06,54
2023-08-26,Producto B,Electrónica,Este,88.56,50
2023-08-26,Producto C,Electrónica,Este,26.8,49
2023-08-26,Producto D,Hogar,Este,27.66,40
2023-08-27,Producto A,Ropa,Norte,58.72,38
2023-08-27,Producto B,Ropa,Este,62.7,51
2023-08-27,Producto C,Hogar,Sur,83.81,54
2023-08-27,Producto D,Hogar,Norte,65.23,52
2023-08-28,Producto A,Juguetes,Este,67.69,49
2023-08-28,Producto B,Hogar,Sur,60.08,47
2023-08-28,Producto C,Hogar,Norte,38.42,54
2023-08-28,Producto D,Hogar,Oeste,45.63,56
2023-08-29,Producto A,Ropa,Oeste,94.13,44
2023-08-29,Producto B,Juguetes,Este,97.24,47
2023-08-29,Producto C,Ropa,Norte,55.53,42
2023-08-29,Producto D,Electrónica,Este,50.66,47
2023-08-30,Producto A,Ropa,Sur,89.49,48
2023-08-30,Producto B,Ropa,Norte,49.78,53
2023-08-30,Producto C,Ropa,Norte,94.65,41
2023-08-30,Producto D,Ropa,Oeste,62.36,48
2023-08-31,Producto A,Electrónica,Oeste,45.26,42
2023-08-31,Producto B,Ropa,Sur,15.27,51
2023-08-31,Producto C,Electrónica,Norte,61.93,47
2023-08-31,Producto D,Hogar,Oeste,17.14,51
2023-09-01,Producto A,Hogar,Oeste,36.67,41
2023-09-01,Producto B,Ropa,Este,63.61,56
2023-09-01,Producto C,Juguetes,Sur,17.22,49
2023-09-01,Producto D,Hogar,Oeste,80.51,72
2023-09-02,Producto A,Hogar,Oeste,13.63,48
2023-09-02,Producto B,Ropa,Sur,94.23,54
2023-09-02,Producto C,Electrónica,Oeste,95.55,38
2023-09-02,Producto D,Electrónica,Este,21.9,49
2023-09-03,Producto A,Electrónica,Oeste,14.91,52
2023-09-03,Producto B,Juguetes,Sur,29.47,49
2023-09-03,Producto C,Hogar,Este,84.37,52
2023-09-03,Producto D,Electrónica,Oeste,59.92,58
2023-09-04,Producto A,Electrónica,Este,63.87,48
2023-09-04,Producto B,Hogar,Este,64.46,44
2023-09-04,Producto C,Electrónica,Sur,26.64,36
2023-09-04,Producto D,Hogar,Norte,57.11,44
2023-09-05,Producto A,Ropa,Este,49.77,42
2023-09-05,Producto B,Juguetes,Norte,44.8,34
2023-09-05,Producto C,Electrónica,Norte,53.5,47
2023-09-05,Producto D,Juguetes,Este,55.51,36
2023-09-06,Producto A,Ropa,Oeste,60.94,60
2023-09-06,Producto B,Electrónica,Norte,14.38,39
2023-09-06,Producto C,Electrónica,Sur,58.71,53
2023-09-06,Producto D,Ropa,Oeste,85.79,46
2023-09-07,Producto A,Juguetes,Norte,21.42,40
2023-09-07,Producto B,Electrónica,Oeste,42.23,66
2023-09-07,Producto C,Electrónica,Este,59.93,37
2023-09-07,Producto D,Electrónica,Oeste,67.76,48
2023-09-08,Producto A,Juguetes,Oeste,12.16,46
2023-09-08,Producto B,Hogar,Oeste,96.1,52
2023-09-08,Producto C,Juguetes,Este,45.38,44
2023-09-08,Producto D,Hogar,Sur,81.78,54
2023-09-09,Producto A,Hogar,Este,93.02,37
2023-09-09,Producto B,Electrónica,Este,80.42,59
2023-09-09,Producto C,Juguetes,Oeste,45.94,48
2023-09-09,Producto D,Ropa,Oeste,81.92,46
2023-09-10,Producto A,Juguetes,Oeste,62.05,59
2023-09-10,Producto B,Hogar,Este,22.6,48
2023-09-10,Producto C,Electrónica,Sur,56.77,54
2023-09-10,Producto D,Hogar,Oeste,24.29,43
2023-09-11,Producto A,Juguetes,Este,53.54,48
2023-09-11,Producto B,Ropa,Sur,61.8,42
2023-09-11,Producto C,Ropa,Este,61.33,43
2023-09-11,Producto D,Juguetes,Este,41.93,56
2023-09-12,Producto A,Hogar,Este,72.55,51
2023-09-12,Producto B,Hogar,Oeste,64.91,50
2023-09-12,Producto C,Electrónica,Sur,47.72,52
2023-09-12,Producto D,Electrónica,Sur,10.58,50
2023-09-13,Producto A,Hogar,Sur,12.16,42
2023-09-13,Producto B,Juguetes,Este,66.31,51
2023-09-13,Producto C,Electrónica,Este,90.69,43
2023-09-13,Producto D,Juguetes,Sur,61.94,60
2023-09-14,Producto A,Ropa,Este,48.67,51
2023-09-14,Producto B,Hogar,Oeste,27.88,44
2023-09-14,Producto C,Electrónica,Norte,62.92,48
2023-09-14,Producto D,Juguetes,Este,17.9,42
2023-09-15,Producto A,Juguetes,Sur,35.5,48
2023-09-15,Producto B,Ropa,Oeste,68.44,54
2023-09-15,Producto C,Juguetes,Norte,11.81,42
2023-09-15,Producto D,Ropa,Norte,60.81,53
2023-09-16,Producto A,Electrónica,Oeste,99.73,55
2023-09-16,Producto B,Juguetes,Este,14.43,44
2023-09-16,Producto C,Electrónica,Este,29.86,41
2023-09-16,Producto D,Juguetes,Norte,70.74,44
2023-09-17,Producto A,Juguetes,Este,38.13,48
2023-09-17,Producto B,Juguetes,Oeste,68.1,64
2023-09-17,Producto C,Ropa,Norte,78.93,48
2023-09-17,Producto D,Hogar,Norte,75.64,51
2023-09-18,Producto A,Hogar,Este,38.1,48
2023-09-18,Producto B,Juguetes,Norte,30.9,48
2023-09-18,Producto C,Ropa,Sur,80.5,61
2023-09-18,Producto D,Electrónica,Oeste,90.73,58
2023-09-19,Producto A,Hogar,Oeste,43.9,47
2023-09-19,Producto B,Ropa,Sur,19.81,44
2023-09-19,Producto C,Juguetes,Este,88.79,46
2023-09-19,Producto D,Ropa,Sur,78.82,41
2023-09-20,Producto A,Ropa,Sur,71.43,46
2023-09-20,Producto B,Juguetes,Este,55.95,40
2023-09-20,Producto C,Ropa,Este,87.53,46
2023-09-20,Producto D,Hogar,Este,83.08,65
2023-09-21,Producto A,Ropa,Este,21.85,54
2023-09-21,Producto B,Juguetes,Sur,32.71,59
2023-09-21,Producto C,Juguetes,Este,74.57,49
2023-09-21,Producto D,Juguetes,Este,25.15,58
2023-09-22,Producto A,Hogar,Este,74.83,50
2023-09-22,Producto B,Ropa,Oeste,84.58,58
2023-09-22,Producto C,Hogar,Este,85.5,54
2023-09-22,Producto D,Ropa,Este,89.14,55
2023-09-23,Producto A,Hogar,Sur,89.77,54
2023-09-23,Producto B,Juguetes,Este,32.39,64
2023-09-23,Producto C,Juguetes,Oeste,45.38,41
2023-09-23,Producto D,Electrónica,Norte,97.82,47
2023-09-24,Producto A,Electrónica,Norte,56.85,49
2023-09-24,Producto B,Ropa,Oeste,55.7,44
2023-09-24,Producto C,Hogar,Norte,63.58,48
2023-09-24,Producto D,Electrónica,Sur,27.61,57
2023-09-25,Producto A,Electrónica,Este,51.22,45
2023-09-25,Producto B,Electrónica,Este,38.88,49
2023-09-25,Producto C,Juguetes,Este,14.93,43
2023-09-25,Producto D,Electrónica,Sur,10.02,55
2023-09-26,Producto A,Hogar,Este,16.08,48
2023-09-26,Producto B,Juguetes,Norte,41.39,47
2023-09-26,Producto C,Juguetes,Sur,19.95,44
2023-09-26,Producto D,Hogar,Oeste,13.51,48
2023-09-27,Producto A,Electrónica,Norte,49.98,54
2023-09-27,Producto B,Ropa,Sur,87.94,56
2023-09-27,Producto C,Electrónica,Oeste,99.29,59
2023-09-27,Producto D,Electrónica,Sur,41.1,44
2023-09-28,Producto A,Juguetes,Oeste,84.48,44
2023-09-28,Producto B,Ropa,Este,26.84,51
2023-09-28,Producto C,Ropa,Sur,43.92,59
2023-09-28,Producto D,Electrónica,Este,39.71,40
2023-09-29,Producto A,Juguetes,Sur,36.79,46
2023-09-29,Producto B,Electrónica,Este,80.48,40
2023-09-29,Producto C,Ropa,Norte,16.35,61
2023-09-29,Producto D,Juguetes,Norte,59.02,38
2023-09-30,Producto A,Ropa,Norte,87.37,42
2023-09-30,Producto B,Juguetes,Sur,56.06,61
2023-09-30,Producto C,Ropa,Este,27.93,45
2023-09-30,Producto D,Hogar,Norte,45.4,51
2023-10-01,Producto A,Ropa,Sur,25.08,46
2023-10-01,Producto B,Hogar,Sur,76.55,53
2023-10-01,Producto C,Electrónica,Sur,17.87,47
2023-10-01,Producto D,Ropa,Este,34.66,47
2023-10-02,Producto A,Electrónica,Este,45.3,65
2023-10-02,Producto B,Ropa,Sur,19.78,56
2023-10-02,Producto C,Ropa,Este,27.28,53
2023-10-02,Producto D,Ropa,Norte,40.13,46
2023-10-03,Producto A,Ropa,Sur,23.37,52
2023-10-03,Producto B,Hogar,Oeste,21.9,43
2023-10-03,Producto C,Hogar,Este,67.85,52
2023-10-03,Producto D,Ropa,Sur,84.16,43
2023-10-04,Producto A,Hogar,Sur,26.21,40
2023-10-04,Producto B,Ropa,Norte,71.55,46
2023-10-04,Producto C,Electrónica,Oeste,31.67,48
2023-10-04,Producto D,Juguetes,Sur,36.82,40
2023-10-05,Producto A,Electrónica,Norte,24.55,70
2023-10-05,Producto B,Ropa,Norte,59.2,60
2023-10-05,Producto C,Electrónica,Norte,27.59,46
2023-10-05,Producto D,Electrónica,Norte,40.49,66
2023-10-06,Producto A,Juguetes,Este,89.28,34
2023-10-06,Producto B,Ropa,Oeste,30.43,48
2023-10-06,Producto C,Juguetes,Norte,50.04,50
2023-10-06,Producto D,Hogar,Este,61.21,56
2023-10-07,Producto A,Ropa,Este,49.03,58
2023-10-07,Producto B,Juguetes,Oeste,94.69,53
2023-10-07,Producto C,Juguetes,Oeste,86.05,48
2023-10-07,Producto D,Hogar,Sur,70.64,49
2023-10-08,Producto A,Juguetes,Sur,67.13,43
2023-10-08,Producto B,Ropa,Sur,28.37,45
2023-10-08,Producto C,Electrónica,Oeste,29.44,67
2023-10-08,Producto D,Hogar,Norte,90.82,50
2023-10-09,Producto A,Juguetes,Sur,50.21,40
2023-10-09,Producto B,Juguetes,Oeste,13.53,53
2023-10-09,Producto C,Juguetes,Sur,23.78,55
2023-10-09,Producto D,Juguetes,Oeste,79.28,47
2023-10-10,Producto A,Hogar,Norte,90.77,40
2023-10-10,Producto B,Ropa,Sur,63.76,48
2023-10-10,Producto C,Juguetes,Este,40.6,59
2023-10-10,Producto D,Juguetes,Este,86.28,43
2023-10-11,Producto A,Hogar,Norte,73.59,51
2023-10-11,Producto B,Electrónica,Sur,29.06,32
2023-10-11,Producto C,Ropa,Sur,87.21,53
2023-10-11,Producto D,Hogar,Este,74.73,63
2023-10-12,Producto A,Hogar,Sur,14.75,55
2023-10-12,Producto B,Hogar,Este,57.92,51
2023-10-12,Producto C,Electrónica,Sur,44.18,56
2023-10-12,Producto D,Juguetes,Norte,70.0,53
2023-10-13,Producto A,Electrónica,Sur,57.58,46
2023-10-13,Producto B,Hogar,Norte,82.47,43
2023-10-13,Producto C,Juguetes,Norte,69.25,49
2023-10-13,Producto D,Electrónica,Oeste,41.23,63
2023-10-14,Producto A,Ropa,Norte,39.51,55
2023-10-14,Producto B,Juguetes,Sur,40.27,62
2023-10-14,Producto C,Electrónica,Este,76.66,50
2023-10-14,Producto D,Juguetes,Norte,56.62,52
2023-10-15,Producto A,Juguetes,Norte,48.62,37
2023-10-15,Producto B,Juguetes,Oeste,31.58,43
2023-10-15,Producto C,Juguetes,Sur,15.58,52
2023-10-15,Producto D,Hogar,Norte,14.75,58
2023-10-16,Producto A,Juguetes,Este,49.41,58
2023-10-16,Producto B,Electrónica,Norte,13.59,49
2023-10-16,Producto C,Hogar,Sur,39.92,46
2023-10-16,Producto D,Juguetes,Norte,18.95,52
2023-10-17,Producto A,Juguetes,Sur,66.77,49
2023-10-17,Producto B,Ropa,Este,35.37,46
2023-10-17,Producto C,Electrónica,Norte,53.71,62
2023-10-17,Producto D,Hogar,Sur,32.48,47
2023-10-18,Producto A,Ropa,Sur,56.33,39
2023-10-18,Producto B,Juguetes,Sur,43.93,52
2023-10-18,Producto C,Electrónica,Este,93.93,51
2023-10-18,Producto D,Juguetes,Sur,78.97,48
2023-10-19,Producto A,Electrónica,Este,90.93,53
2023-10-19,Producto B,Hogar,Este,28.16,61
2023-10-19,Producto C,Juguetes,Este,37.09,43
2023-10-19,Producto D,Electrónica,Oeste,30.32,52
2023-10-20,Producto A,Electrónica,Norte,52.17,43
2023-10-20,Producto B,Juguetes,Sur,79.22,48
2023-10-20,Producto C,Electrónica,Sur,13.1,49
2023-10-20,Producto D,Juguetes,Norte,17.8,51
2023-10-21,Producto A,Hogar,Oeste,84.66,54
2023-10-21,Producto B,Hogar,Sur,34.8,46
2023-10-21,Producto C,Juguetes,Norte,93.65,43
2023-10-21,Producto D,Hogar,Este,15.74,48
2023-10-22,Producto A,Juguetes,Sur,98.47,53
2023-10-22,Producto B,Electrónica,Este,43.95,57
2023-10-22,Producto C,Electrónica,Norte,26.26,65
2023-10-22,Producto D,Ropa,Sur,78.06,48
2023-10-23,Producto A,Electrónica,Sur,76.81,44
2023-10-23,Producto B,Electrónica,Sur,52.69,42
2023-10-23,Producto C,Juguetes,Este,15.17,52
2023-10-23,Producto D,Ropa,Sur,63.8,53
2023-10-24,Producto A,Electrónica,Este,46.97,50
2023-10-24,Producto B,Juguetes,Oeste,69.52,50
2023-10-24,Producto C,Juguetes,Sur,62.39,49
2023-10-24,Producto D,Juguetes,Sur,97.0,54
2023-10-25,Producto A,Electrónica,Sur,53.25,37
2023-10-25,Producto B,Juguetes,Oeste,89.0,43
2023-10-25,Producto C,Electrónica,Oeste,14.91,45
2023-10-25,Producto D,Electrónica,Este,37.44,43
2023-10-26,Producto A,Juguetes,Oeste,80.2,49
2023-10-26,Producto B,Juguetes,Norte,39.95,64
2023-10-26,Producto C,Hogar,Oeste,53.67,49
2023-10-26,Producto D,Juguetes,Oeste,14.52,39
2023-10-27,Producto A,Ropa,Sur,26.59,32
2023-10-27,Producto B,Electrónica,Sur,22.1,49
2023-10-27,Producto C,Hogar,Este,12.44,56
2023-10-27,Producto D,Hogar,Oeste,90.4,49
2023-10-28,Producto A,Hogar,Oeste,45.03,46
2023-10-28,Producto B,Ropa,Oeste,96.59,50
2023-10-28,Producto C,Hogar,Norte,96.3,41
2023-10-28,Producto D,Hogar,Norte,35.11,35
2023-10-29,Producto A,Electrónica,Oeste,23.91,49
2023-10-29,Producto B,Ropa,Oeste,38.48,38
2023-10-29,Producto C,Ropa,Oeste,95.02,46
2023-10-29,Producto D,Ropa,Norte,10.56,39
2023-10-30,Producto A,Hogar,Este,58.38,49
2023-10-30,Producto B,Electrónica,Norte,99.59,45
2023-10-30,Producto C,Electrónica,Este,46.51,59
2023-10-30,Producto D,Juguetes,Norte,30.45,51
2023-10-31,Producto A,Hogar,Sur,99.13,52
2023-10-31,Producto B,Juguetes,Este,25.34,48
2023-10-31,Producto C,Juguetes,Norte,80.36,50
2023-10-31,Producto D,Hogar,Este,40.79,57
2023-11-01,Producto A,Electrónica,Norte,55.41,45
2023-11-01,Producto B,Hogar,Este,56.0,49
2023-11-01,Producto C,Ropa,Oeste,87.71,41
2023-11-01,Producto D,Juguetes,Oeste,62.48,55
2023-11-02,Producto A,Hogar,Oeste,51.21,48
2023-11-02,Producto B,Hogar,Oeste,97.01,67
2023-11-02,Producto C,Juguetes,Sur,90.6,46
2023-11-02,Producto D,Hogar,Este,34.61,55
2023-11-03,Producto A,Juguetes,Este,44.77,47
2023-11-03,Producto B,Juguetes,Sur,38.87,43
2023-11-03,Producto C,Juguetes,Este,47.0,49
2023-11-03,Producto D,Hogar,Norte,31.74,54
2023-11-04,Producto A,Juguetes,Este,17.97,54
2023-11-04,Producto B,Hogar,Norte,76.56,43
2023-11-04,Producto C,Hogar,Sur,85.94,49
2023-11-04,Producto D,Hogar,Sur,95.8,37
2023-11-05,Producto A,Juguetes,Norte,65.82,51
2023-11-05,Producto B,Ropa,Oeste,31.49,43
2023-11-05,Producto C,Hogar,Norte,29.57,47
2023-11-05,Producto D,Juguetes,Oeste,95.92,57
2023-11-06,Producto A,Juguetes,Oeste,38.52,45
2023-11-06,Producto B,Juguetes,Norte,87.25,58
2023-11-06,Producto C,Electrónica,Oeste,38.16,36
2023-11-06,Producto D,Electrónica,Norte,46.83,46
2023-11-07,Producto A,Hogar,Sur,37.37,57
2023-11-07,Producto B,Hogar,Oeste,75.43,44
2023-11-07,Producto C,Juguetes,Norte,92.36,42
2023-11-07,Producto D,Juguetes,Oeste,34.72,49
2023-11-08,Producto A,Ropa,Sur,90.01,51
2023-11-08,Producto B,Hogar,Este,14.6,44
2023-11-08,Producto C,Hogar,Sur,26.36,50
2023-11-08,Producto D,Hogar,Oeste,51.76,59
2023-11-09,Producto A,Ropa,Sur,79.83,57
2023-11-09,Producto B,Electrónica,Este,67.95,58
2023-11-09,Producto C,Juguetes,Norte,51.25,51
2023-11-09,Producto D,Hogar,Sur,17.33,49
2023-11-10,Producto A,Hogar,Este,22.01,54
2023-11-10,Producto B,Electrónica,Oeste,19.39,51
2023-11-10,Producto C,Ropa,Norte,68.46,59
2023-11-10,Producto D,Juguetes,Norte,16.78,40
2023-11-11,Producto A,Juguetes,Este,22.21,45
2023-11-11,Producto B,Ropa,Oeste,64.93,58
2023-11-11,Producto C,Ropa,Este,76.23,45
2023-11-11,Producto D,Ropa,Este,99.79,45
2023-11-12,Producto A,Juguetes,Este,12.22,54
2023-11-12,Producto B,Electrónica,Este,97.7,75
2023-11-12,Producto C,Ropa,Este,68.17,53
2023-11-12,Producto D,Ropa,Oeste,98.42,61
2023-11-13,Producto A,Ropa,Este,42.61,58
2023-11-13,Producto B,Juguetes,Sur,14.96,48
2023-11-13,Producto C,Electrónica,Este,67.7,46
2023-11-13,Producto D,Electrónica,Este,97.53,47
2023-11-14,Producto A,Hogar,Sur,71.43,53
2023-11-14,Producto B,Juguetes,Sur,38.41,40
2023-11-14,Producto C,Electrónica,Oeste,63.79,49
2023-11-14,Producto D,Electrónica,Sur,70.37,57
2023-11-15,Producto A,Ropa,Sur,85.5,60
2023-11-15,Producto B,Electrónica,Este,27.32,57
2023-11-15,Producto C,Juguetes,Oeste,85.94,49
2023-11-15,Producto D,Juguetes,Norte,18.22,56
2023-11-16,Producto A,Juguetes,Oeste,26.94,43
2023-11-16,Producto B,Ropa,Norte,85.63,51
2023-11-16,Producto C,Electrónica,Norte,41.47,52
2023-11-16,Producto D,Hogar,Norte,76.17,53
2023-11-17,Producto A,Ropa,Norte,70.77,43
2023-11-17,Producto B,Ropa,Sur,21.69,54
2023-11-17,Producto C,Electrónica,Este,66.55,43
2023-11-17,Producto D,Ropa,Sur,62.09,52
2023-11-18,Producto A,Hogar,Sur,85.1,58
2023-11-18,Producto B,Electrónica,Norte,38.27,67
2023-11-18,Producto C,Hogar,Norte,24.99,55
2023-11-18,Producto D,Hogar,Oeste,54.49,62
2023-11-19,Producto A,Ropa,Sur,78.31,50
2023-11-19,Producto B,Juguetes,Este,68.13,44
2023-11-19,Producto C,Electrónica,Sur,63.43,56
2023-11-19,Producto D,Ropa,Norte,46.49,45
2023-11-20,Producto A,Ropa,Este,32.71,62
2023-11-20,Producto B,Hogar,Norte,19.31,53
2023-11-20,Producto C,Ropa,Oeste,97.15,49
2023-11-20,Producto D,Juguetes,Norte,37.14,43
2023-11-21,Producto A,Hogar,Oeste,22.95,39
2023-11-21,Producto B,Electrónica,Norte,22.72,41
2023-11-21,Producto C,Juguetes,Norte,18.78,57
2023-11-21,Producto D,Electrónica,Sur,58.35,54
2023-11-22,Producto A,Ropa,Este,33.95,60
2023-11-22,Producto B,Electrónica,Este,99.25,42
2023-11-22,Producto C,Hogar,Sur,98.2,44
2023-11-22,Producto D,Ropa,Norte,80.26,61
2023-11-23,Producto A,Juguetes,Norte,48.71,49
2023-11-23,Producto B,Electrónica,Sur,94.26,64
2023-11-23,Producto C,Electrónica,Sur,76.37,44
2023-11-23,Producto D,Electrónica,Sur,92.1,53
2023-11-24,Producto A,Ropa,Sur,74.74,53
2023-11-24,Producto B,Juguetes,Este,31.15,53
2023-11-24,Producto C,Hogar,Sur,19.67,45
2023-11-24,Producto D,Electrónica,Norte,29.03,45
2023-11-25,Producto A,Juguetes,Oeste,92.42,50
2023-11-25,Producto B,Hogar,Norte,97.97,69
2023-11-25,Producto C,Hogar,Este,19.01,45
2023-11-25,Producto D,Electrónica,Norte,17.96,47
2023-11-26,Producto A,Hogar,Oeste,47.45,57
2023-11-26,Producto B,Electrónica,Sur,15.1,40
2023-11-26,Producto C,Hogar,Oeste,54.71,58
2023-11-26,Producto D,Juguetes,Sur,75.87,42
2023-11-27,Producto A,Electrónica,Sur,16.36,47
2023-11-27,Producto B,Electrónica,Este,52.71,57
2023-11-27,Producto C,Ropa,Oeste,63.59,60
2023-11-27,Producto D,Hogar,Este,66.7,48
2023-11-28,Producto A,Juguetes,Oeste,11.5,59
2023-11-28,Producto B,Hogar,Este,76.24,46
2023-11-28,Producto C,Electrónica,Este,96.38,58
2023-11-28,Producto D,Electrónica,Este,78.61,41
2023-11-29,Producto A,Juguetes,Oeste,62.79,49
2023-11-29,Producto B,Hogar,Norte,48.04,55
2023-11-29,Producto C,Ropa,Norte,30.97,57
2023-11-29,Producto D,Juguetes,Oeste,31.3,53
2023-11-30,Producto A,Hogar,Norte,33.25,59
2023-11-30,Producto B,Ropa,Norte,53.91,43
2023-11-30,Producto C,Juguetes,Norte,99.61,50
2023-11-30,Producto D,Hogar,Sur,92.51,57
2023-12-01,Producto A,Juguetes,Sur,62.76,50
2023-12-01,Producto B,Ropa,Sur,32.12,62
2023-12-01,Producto C,Hogar,Sur,57.97,53
2023-12-01,Producto D,Ropa,Oeste,43.82,39
2023-12-02,Producto A,Electrónica,Sur,80.02,44
2023-12-02,Producto B,Hogar,Norte,93.39,54
2023-12-02,Producto C,Hogar,Este,17.58,45
2023-12-02,Producto D,Ropa,Sur,96.93,42
2023-12-03,Producto A,Ropa,Norte,74.58,56
2023-12-03,Producto B,Ropa,Norte,90.32,38
2023-12-03,Producto C,Electrónica,Oeste,98.92,48
2023-12-03,Producto D,Ropa,Sur,29.09,44
2023-12-04,Producto A,Juguetes,Este,31.09,70
2023-12-04,Producto B,Hogar,Oeste,10.64,54
2023-12-04,Producto C,Hogar,Norte,24.37,57
2023-12-04,Producto D,Electrónica,Norte,66.03,46
2023-12-05,Producto A,Ropa,Norte,82.98,48
2023-12-05,Producto B,Hogar,Este,79.47,50
2023-12-05,Producto C,Ropa,Este,17.87,64
2023-12-05,Producto D,Juguetes,Sur,28.08,34
2023-12-06,Producto A,Juguetes,Este,61.82,53
2023-12-06,Producto B,Juguetes,Oeste,14.01,41
2023-12-06,Producto C,Electrónica,Este,93.9,53
2023-12-06,Producto D,Electrónica,Oeste,58.78,49
2023-12-07,Producto A,Hogar,Oeste,71.6,50
2023-12-07,Producto B,Hogar,Norte,23.44,53
2023-12-07,Producto C,Electrónica,Este,65.18,50
2023-12-07,Producto D,Hogar,Este,32.79,49
2023-12-08,Producto A,Juguetes,Oeste,59.22,51
2023-12-08,Producto B,Juguetes,Norte,86.8,59
2023-12-08,Producto C,Juguetes,Sur,33.64,59
2023-12-08,Producto D,Hogar,Este,19.1,53
2023-12-09,Producto A,Hogar,Este,31.03,53
2023-12-09,Producto B,Electrónica,Sur,88.63,41
2023-12-09,Producto C,Hogar,Norte,21.44,48
2023-12-09,Producto D,Hogar,Norte,78.3,39
2023-12-10,Producto A,Electrónica,Norte,94.25,50
2023-12-10,Producto B,Hogar,Norte,45.48,58
2023-12-10,Producto C,Electrónica,Sur,54.13,58
2023-12-10,Producto D,Hogar,Norte,40.0,50
2023-12-11,Producto A,Ropa,Sur,81.46,50
2023-12-11,Producto B,Juguetes,Sur,31.5,66
2023-12-11,Producto C,Hogar,Norte,51.46,46
2023-12-11,Producto D,Juguetes,Este,58.97,51
2023-12-12,Producto A,Electrónica,Norte,96.9,47
2023-12-12,Producto B,Electrónica,Sur,51.2,56
2023-12-12,Producto C,Juguetes,Norte,11.9,48
2023-12-12,Producto D,Electrónica,Este,60.74,43
2023-12-13,Producto A,Ropa,Norte,86.73,43
2023-12-13,Producto B,Hogar,Este,75.04,46
2023-12-13,Producto C,Hogar,Oeste,26.07,50
2023-12-13,Producto D,Juguetes,Oeste,94.94,62
2023-12-14,Producto A,Hogar,Norte,73.22,45
2023-12-14,Producto B,Ropa,Sur,20.23,57
2023-12-14,Producto C,Juguetes,Sur,37.01,41
2023-12-14,Producto D,Electrónica,Norte,78.07,51
2023-12-15,Producto A,Hogar,Oeste,19.21,48
2023-12-15,Producto B,Ropa,Este,82.16,49
2023-12-15,Producto C,Ropa,Oeste,88.83,56
2023-12-15,Producto D,Hogar,Sur,53.86,52
2023-12-16,Producto A,Electrónica,Este,15.66,43
2023-12-16,Producto B,Electrónica,Sur,75.1,41
2023-12-16,Producto C,Juguetes,Oeste,37.11,44
2023-12-16,Producto D,Juguetes,Oeste,54.01,35
2023-12-17,Producto A,Electrónica,Oeste,66.33,50
2023-12-17,Producto B,Ropa,Oeste,25.37,43
2023-12-17,Producto C,Ropa,Norte,28.91,56
2023-12-17,Producto D,Hogar,Este,23.11,54
2023-12-18,Producto A,Hogar,Oeste,94.37,54
2023-12-18,Producto B,Electrónica,Sur,85.8,43
2023-12-18,Producto C,Juguetes,Este,46.23,62
2023-12-18,Producto D,Ropa,Oeste,95.31,45
2023-12-19,Producto A,Hogar,Oeste,14.61,50
2023-12-19,Producto B,Juguetes,Oeste,41.56,56
2023-12-19,Producto C,Hogar,Oeste,42.99,47
2023-12-19,Producto D,Hogar,Este,73.65,43
2023-12-20,Producto A,Juguetes,Este,66.54,56
2023-12-20,Producto B,Ropa,Sur,92.02,51
2023-12-20,Producto C,Hogar,Sur,85.88,53
2023-12-20,Producto D,Ropa,Este,90.46,62
2023-12-21,Producto A,Hogar,Este,76.65,56
2023-12-21,Producto B,Juguetes,Norte,81.77,55
2023-12-21,Producto C,Ropa,Este,25.66,46
2023-12-21,Producto D,Ropa,Oeste,59.49,52
2023-12-22,Producto A,Ropa,Sur,29.39,58
2023-12-22,Producto B,Hogar,Sur,18.76,46
2023-12-22,Producto C,Hogar,Sur,93.55,36
2023-12-22,Producto D,Hogar,Oeste,68.75,45
2023-12-23,Producto A,Ropa,Sur,27.54,58
2023-12-23,Producto B,Ropa,Norte,74.22,43
2023-12-23,Producto C,Electrónica,Norte,48.89,41
2023-12-23,Producto D,Ropa,Este,38.77,47
2023-12-24,Producto A,Juguetes,Sur,38.04,56
2023-12-24,Producto B,Ropa,Este,80.01,47
2023-12-24,Producto C,Ropa,Oeste,43.06,50
2023-12-24,Producto D,Electrónica,Norte,57.18,54
2023-12-25,Producto A,Electrónica,Norte,94.01,55
2023-12-25,Producto B,Electrónica,Norte,12.64,52
2023-12-25,Producto C,Electrónica,Oeste,42.35,38
2023-12-25,Producto D,Electrónica,Norte,46.78,49
2023-12-26,Producto A,Electrónica,Norte,74.55,51
2023-12-26,Producto B,Hogar,Sur,77.03,42
2023-12-26,Producto C,Juguetes,Norte,35.77,44
2023-12-26,Producto D,Ropa,Sur,84.21,48
2023-12-27,Producto A,Hogar,Norte,98.2,52
2023-12-27,Producto B,Ropa,Este,56.64,51
2023-12-27,Producto C,Electrónica,Norte,70.62,36
2023-12-27,Producto D,Electrónica,Sur,52.28,49
2023-12-28,Producto A,Ropa,Este,24.78,50
2023-12-28,Producto B,Juguetes,Norte,40.45,43
2023-12-28,Producto C,Electrónica,Norte,84.48,52
2023-12-28,Producto D,Electrónica,Este,32.2,49
2023-12-29,Producto A,Ropa,Sur,76.84,45
2023-12-29,Producto B,Hogar,Oeste,47.23,55
2023-12-29,Producto C,Hogar,Oeste,35.01,50
2023-12-29,Producto D,Ropa,Oeste,87.13,54
2023-12-30,Producto A,Electrónica,Sur,88.6,46
2023-12-30,Producto B,Electrónica,Norte,94.66,34
2023-12-30,Producto C,Juguetes,Este,45.64,43
2023-12-30,Producto D,Juguetes,Oeste,92.39,56
2023-12-31,Producto A,Hogar,Oeste,51.87,35
2023-12-31,Producto B,Hogar,Norte,24.12,65
2023-12-31,Producto C,Juguetes,Sur,63.17,60
2023-12-31,Producto D,Juguetes,Sur,60.59,51
